"position","game_title","key","cited"
"736","Grand Theft Auto V","grandtheftautov","9","['ign-2019', 'metacrict-2020', 'metacrict-2020', 'metacrict-2020', 'metacrict-2020', 'metacrict-2020', 'opencrict-2020', 'popular-mechanics', 'slant-magazine']"
"448","The Legend of Zelda: Ocarina of Time","thelegendofzeldaocarinaoftime","5","['ign-2019', 'metacrict-2020', 'popular-mechanics', 'slant-magazine', 'time-magazine']"
"439","Portal 2","portal2","7","['ign-2019', 'metacrict-2020', 'metacrict-2020', 'metacrict-2020', 'popular-mechanics', 'slant-magazine', 'time-magazine']"
"433","Tetris","tetris","5","['game-designing', 'ign-2019', 'popular-mechanics', 'slant-magazine', 'time-magazine']"
"428","BioShock","bioshock","7","['ign-2019', 'metacrict-2020', 'metacrict-2020', 'metacrict-2020', 'popular-mechanics', 'slant-magazine', 'time-magazine']"
"427","Resident Evil 4","residentevil4","6","['ign-2019', 'metacrict-2020', 'metacrict-2020', 'popular-mechanics', 'slant-magazine', 'time-magazine']"
"410","The Legend of Zelda: Breath of the Wild","thelegendofzeldabreathofthewild","5","['ign-2019', 'metacrict-2020', 'metacrict-2020', 'opencrict-2020', 'slant-magazine']"
"372","Half-Life 2","halflife2","5","['ign-2019', 'metacrict-2020', 'popular-mechanics', 'slant-magazine', 'time-magazine']"
"345","Mass Effect 2","masseffect2","6","['ign-2019', 'metacrict-2020', 'metacrict-2020', 'metacrict-2020', 'popular-mechanics', 'slant-magazine']"
"337","Red Dead Redemption","reddeadredemption","5","['ign-2019', 'metacrict-2020', 'metacrict-2020', 'slant-magazine', 'time-magazine']"
"334","Doom","doom","4","['ign-2019', 'popular-mechanics', 'slant-magazine', 'time-magazine']"
"334","Super Mario 64","supermario64","4","['ign-2019', 'popular-mechanics', 'slant-magazine', 'time-magazine']"
"328","Halo: Combat Evolved ","halocombatevolved","4","['ign-2019', 'metacrict-2020', 'popular-mechanics', 'time-magazine']"
"316","Final Fantasy VI","finalfantasyvi","4","['ign-2019', 'popular-mechanics', 'slant-magazine', 'time-magazine']"
"311","Red Dead Redemption 2","reddeadredemption2","4","['ign-2019', 'metacrict-2020', 'metacrict-2020', 'opencrict-2020']"
"308","Minecraft","minecraft","4","['game-designing', 'ign-2019', 'popular-mechanics', 'time-magazine']"
"299","Shadow of the Colossus","shadowofthecolossus","4","['ign-2019', 'opencrict-2020', 'popular-mechanics', 'slant-magazine']"
"295","Ms. Pac-Man","mspacman","4","['ign-2019', 'popular-mechanics', 'slant-magazine', 'time-magazine']"
"293","GoldenEye 007","goldeneye007","5","['ign-2019', 'metacrict-2020', 'popular-mechanics', 'slant-magazine', 'time-magazine']"
"276","Super Mario Bros. 3","supermariobros3","3","['ign-2019', 'popular-mechanics', 'slant-magazine']"
"275","Super Mario World","supermarioworld","3","['ign-2019', 'popular-mechanics', 'slant-magazine']"
"265","Super Mario Odyssey","supermarioodyssey","4","['metacrict-2020', 'opencrict-2020', 'popular-mechanics', 'slant-magazine']"
"264","Super Mario Bros.","supermariobros","3","['game-designing', 'ign-2019', 'time-magazine']"
"264","The Last of Us","thelastofus","4","['ign-2019', 'metacrict-2020', 'popular-mechanics', 'slant-magazine']"
"258","Final Fantasy VII","finalfantasyvii","4","['ign-2019', 'popular-mechanics', 'slant-magazine', 'time-magazine']"
"250","Metal Gear Solid","metalgearsolid","4","['game-designing', 'ign-2019', 'metacrict-2020', 'popular-mechanics']"
"248","Chrono Trigger","chronotrigger","3","['ign-2019', 'popular-mechanics', 'slant-magazine']"
"246","Tony Hawk's Pro Skater 2","tonyhawksproskater2","4","['ign-2019', 'metacrict-2020', 'metacrict-2020', 'metacrict-2020']"
"244","God of War","godofwar","5","['ign-2019', 'metacrict-2020', 'opencrict-2020', 'popular-mechanics', 'slant-magazine']"
"244","Super Metroid","supermetroid","3","['ign-2019', 'popular-mechanics', 'slant-magazine']"
"242","Metroid Prime","metroidprime","3","['ign-2019', 'metacrict-2020', 'slant-magazine']"
"227","Journey","journey","4","['ign-2019', 'opencrict-2020', 'popular-mechanics', 'slant-magazine']"
"222","The Legend of Zelda: A Link to the Past","thelegendofzeldaalinktothepast","3","['ign-2019', 'metacrict-2020', 'slant-magazine']"
"219","World of Warcraft","worldofwarcraft","3","['ign-2019', 'popular-mechanics', 'time-magazine']"
"216","Batman: Arkham City","batmanarkhamcity","4","['ign-2019', 'metacrict-2020', 'metacrict-2020', 'popular-mechanics']"
"216","Dark Souls","darksouls","3","['ign-2019', 'popular-mechanics', 'slant-magazine']"
"215","StarCraft","starcraft","3","['ign-2019', 'popular-mechanics', 'slant-magazine']"
"207","Castlevania: Symphony of the Night","castlevaniasymphonyofthenight","3","['ign-2019', 'popular-mechanics', 'slant-magazine']"
"205","The Witcher 3: Wild Hunt","thewitcher3wildhunt","3","['ign-2019', 'opencrict-2020', 'slant-magazine']"
"200","Metal Gear Solid 3: Snake Eater","metalgearsolid3snakeeater","3","['ign-2019', 'popular-mechanics', 'slant-magazine']"
"198","Super Mario Kart","supermariokart","3","['popular-mechanics', 'slant-magazine', 'time-magazine']"
"192","Grand Theft Auto IV","grandtheftautoiv","2","['metacrict-2020', 'metacrict-2020']"
"189","The Sims","thesims","3","['game-designing', 'ign-2019', 'time-magazine']"
"183","CounterStrike","counterstrike","2","['game-designing', 'time-magazine']"
"182","The Legend of Zelda","thelegendofzelda","2","['game-designing', 'time-magazine']"
"182","Super Smash Bros. Ultimate","supersmashbrosultimate","3","['ign-2019', 'opencrict-2020', 'popular-mechanics']"
"179","Street Fighter II","streetfighterii","2","['ign-2019', 'popular-mechanics']"
"171","Diablo II","diabloii","3","['ign-2019', 'popular-mechanics', 'time-magazine']"
"170","Uncharted 2: Among Thieves","uncharted2amongthieves","3","['ign-2019', 'metacrict-2020', 'popular-mechanics']"
"170","Bloodborne","bloodborne","3","['ign-2019', 'opencrict-2020', 'popular-mechanics']"
"165","Grand Theft Auto III","grandtheftautoiii","2","['metacrict-2020', 'time-magazine']"
"163","Sid Meier's Civilization IV","sidmeierscivilizationiv","2","['ign-2019', 'time-magazine']"
"162","Sonic the HedgeHog","sonicthehedgehog","2","['game-designing', 'popular-mechanics']"
"161","Left 4 Dead 2","left4dead2","3","['ign-2019', 'popular-mechanics', 'slant-magazine']"
"153","Skyrim","skyrim","2","['game-designing', 'popular-mechanics']"
"151","Dota 2","dota2","4","['ign-2019', 'opencrict-2020', 'popular-mechanics', 'time-magazine']"
"151","Call of Duty 4: Modern Warfare","callofduty4modernwarfare","4","['ign-2019', 'metacrict-2020', 'metacrict-2020', 'popular-mechanics']"
"146","Angry Birds","angrybirds","2","['game-designing', 'time-magazine']"
"145","Portal","portal","2","['ign-2019', 'slant-magazine']"
"144","SimCity 2000","simcity2000","3","['ign-2019', 'popular-mechanics', 'time-magazine']"
"141","Half-Life","halflife","2","['ign-2019', 'metacrict-2020']"
"141","Disco Elysium","discoelysium","2","['opencrict-2020', 'slant-magazine']"
"141","Pokemon Red & Blue","pokemonredblue","2","['popular-mechanics', 'time-magazine']"
"140","EarthBound","earthbound","2","['ign-2019', 'slant-magazine']"
"139","The Orange Box","theorangebox","2","['metacrict-2020', 'metacrict-2020']"
"139","Resident Evil 2","residentevil2","2","['opencrict-2020', 'popular-mechanics']"
"138","Wii Sports","wiisports","2","['game-designing', 'popular-mechanics']"
"137","Super Mario Galaxy 2","supermariogalaxy2","2","['metacrict-2020', 'slant-magazine']"
"136","Halo 2","halo2","2","['ign-2019', 'metacrict-2020']"
"135","Persona 5 Royal","persona5royal","2","['metacrict-2020', 'opencrict-2020']"
"135","The Last of Us Remastered","thelastofusremastered","2","['metacrict-2020', 'opencrict-2020']"
"134","Undertale","undertale","3","['ign-2019', 'opencrict-2020', 'popular-mechanics']"
"132","Silent Hill 2","silenthill2","3","['ign-2019', 'popular-mechanics', 'slant-magazine']"
"132","Overwatch","overwatch","3","['ign-2019', 'opencrict-2020', 'popular-mechanics']"
"131","Star Wars: Knights of the Old Republic","starwarsknightsoftheoldrepublic","2","['ign-2019', 'popular-mechanics']"
"127","Rise of the Tomb Raider","riseofthetombraider","2","['ign-2019', 'time-magazine']"
"126","Tekken 3","tekken3","2","['metacrict-2020', 'popular-mechanics']"
"125","The Elder Scrolls V: Skyrim","theelderscrollsvskyrim","3","['ign-2019', 'metacrict-2020', 'metacrict-2020']"
"124","Donkey Kong","donkeykong","3","['ign-2019', 'popular-mechanics', 'time-magazine']"
"123","Inside","inside","3","['ign-2019', 'opencrict-2020', 'slant-magazine']"
"123","Nier: Automata","nierautomata","2","['opencrict-2020', 'slant-magazine']"
"123","Super Smash Bros. Melee","supersmashbrosmelee","2","['popular-mechanics', 'slant-magazine']"
"120","Gran Turismo 3: A-Spec","granturismo3aspec","3","['metacrict-2020', 'popular-mechanics', 'time-magazine']"
"116","Metal Gear Solid V: The Phantom Pain","metalgearsolidvthephantompain","2","['metacrict-2020', 'opencrict-2020']"
"116","Fallout 3","fallout3","2","['popular-mechanics', 'time-magazine']"
"114","Persona 5","persona5","2","['ign-2019', 'opencrict-2020']"
"110","The Legend of Zelda: Twilight Princess","thelegendofzeldatwilightprincess","2","['metacrict-2020', 'metacrict-2020']"
"109","Grand Theft Auto: San Andreas","grandtheftautosanandreas","3","['ign-2019', 'metacrict-2020', 'slant-magazine']"
"109","The Legend of Zelda: The Wind Waker","thelegendofzeldathewindwaker","2","['metacrict-2020', 'slant-magazine']"
"108","Soulcalibur","soulcalibur","2","['ign-2019', 'metacrict-2020']"
"108","Baldur's Gate II: Shadows of Amn","baldursgateiishadowsofamn","2","['ign-2019', 'metacrict-2020']"
"106","Myst","myst","3","['popular-mechanics', 'slant-magazine', 'time-magazine']"
"102","Mario Kart 8 Deluxe","mariokart8deluxe","2","['ign-2019', 'opencrict-2020']"
"100","Braid","braid","2","['slant-magazine', 'time-magazine']"
"99","Quake","quake","2","['metacrict-2020', 'time-magazine']"
"99","Legend of Zelda: A Link to the Past","legendofzeldaalinktothepast","1","['popular-mechanics']"
"99","Galaga","galaga","2","['slant-magazine', 'time-magazine']"
"99","The Legend of Zelda: Majoraï¿½s Mask","thelegendofzeldamajoraï½smask","1","['slant-magazine']"
"98","Spelunky","spelunky","2","['ign-2019', 'slant-magazine']"
"97","WoW","wow","1","['game-designing']"
"96","Grand Theft Auto","grandtheftauto","1","['game-designing']"
"94","Super Mario Galaxy","supermariogalaxy","1","['metacrict-2020']"
"93","Call of Duty","callofduty","1","['game-designing']"
"93","Grand Theft Auto: Vice City","grandtheftautovicecity","3","['ign-2019', 'metacrict-2020', 'metacrict-2020']"
"92","Final Fantasy","finalfantasy","1","['game-designing']"
"91","Halo","halo","1","['game-designing']"
"91","Divinity: Original Sin 2","divinityoriginalsin2","2","['ign-2019', 'opencrict-2020']"
"91","Hades","hades","1","['opencrict-2020']"
"91"," The Oregon Trail","theoregontrail","1","['time-magazine']"
"90","Super Mario 3D World","supermario3dworld","1","['opencrict-2020']"
"89","Fortnite","fortnite","2","['ign-2019', 'popular-mechanics']"
"89","Celeste","celeste","2","['metacrict-2020', 'opencrict-2020']"
"88","Pokemon","pokemon","1","['game-designing']"
"87","Super Smash Brothers","supersmashbrothers","1","['game-designing']"
"86","Tony Hawk's Pro Skater 3","tonyhawksproskater3","1","['metacrict-2020']"
"86","DRAGON QUEST XI S: Echoes of an Elusive Age - Definitive Edition","dragonquestxisechoesofanelusiveagedefinitiveedition","1","['opencrict-2020']"
"85","Diablo III","diabloiii","1","['game-designing']"
"85","Perfect Dark","perfectdark","1","['metacrict-2020']"
"85","The Last of Us Part II","thelastofuspartii","1","['opencrict-2020']"
"85","Return of the Obra Dinn","returnoftheobradinn","2","['opencrict-2020', 'slant-magazine']"
"85","Zork","zork","2","['popular-mechanics', 'time-magazine']"
"84","Mother 3","mother3","1","['popular-mechanics']"
"83","Half-Life: Alyx","halflifealyx","1","['opencrict-2020']"
"83","Asteroids","asteroids","1","['popular-mechanics']"
"82","The Witcher 3: Wild Hunt - Blood and Wine","thewitcher3wildhuntbloodandwine","1","['opencrict-2020']"
"81","Rock Band 3","rockband3","2","['popular-mechanics', 'slant-magazine']"
"81","Planescape: Torment","planescapetorment","1","['slant-magazine']"
"81"," Space Invaders","spaceinvaders","1","['time-magazine']"
"80","Pacman","pacman","1","['game-designing']"
"80","Minecraft: PlayStation 4 Edition","minecraftplaystation4edition","1","['opencrict-2020']"
"79","Okami","okami","1","['slant-magazine']"
"78","NFL 2K1","nfl2k1","1","['metacrict-2020']"
"78","Forza Horizon 4","forzahorizon4","1","['opencrict-2020']"
"78","Civilization II","civilizationii","1","['popular-mechanics']"
"77","Fallout 2","fallout2","2","['ign-2019', 'slant-magazine']"
"77","Super Smash Bros. for Wii U","supersmashbrosforwiiu","1","['opencrict-2020']"
"77","Kentucky Route Zero","kentuckyroutezero","1","['slant-magazine']"
"77"," Microsoft Flight Simulator X","microsoftflightsimulatorx","1","['time-magazine']"
"76","Demon's Souls (2020 Remake)","demonssouls2020remake","1","['opencrict-2020']"
"76","Stardew Valley","stardewvalley","2","['opencrict-2020', 'popular-mechanics']"
"76","Red Dead Redemption II","reddeadredemptionii","1","['popular-mechanics']"
"74","Assassin's Creed II","assassinscreedii","1","['popular-mechanics']"
"74"," StarCraft II: Wings of Liberty","starcraftiiwingsofliberty","1","['time-magazine']"
"73","Max Payne","maxpayne","1","['slant-magazine']"
"73"," Mortal Kombat","mortalkombat","1","['time-magazine']"
"72","Uncharted 4: A Thief's End","uncharted4athiefsend","1","['opencrict-2020']"
"71","Microsoft Flight Simulator","microsoftflightsimulator","1","['opencrict-2020']"
"71","Final Fantasy Tactics","finalfantasytactics","1","['slant-magazine']"
"69","Grim Fandango","grimfandango","3","['metacrict-2020', 'popular-mechanics', 'slant-magazine']"
"69","NieR: Automata Become as Gods Edition","nierautomatabecomeasgodsedition","1","['opencrict-2020']"
"68"," Wolfenstein 3D","wolfenstein3d","1","['time-magazine']"
"67","Divinity: Original Sin 2 – Definitive Edition","divinityoriginalsin2definitiveedition","1","['opencrict-2020']"
"66","NieR: Automata Game of the YoRHa Edition","nierautomatagameoftheyorhaedition","1","['opencrict-2020']"
"66","Psychonauts","psychonauts","1","['slant-magazine']"
"65","Pokémon Yellow","pokémonyellow","1","['ign-2019']"
"63","Bayonetta 2","bayonetta2","1","['opencrict-2020']"
"63","Outer Wilds","outerwilds","1","['slant-magazine']"
"62","Fallout: New Vegas ","falloutnewvegas","1","['ign-2019']"
"62","Final Fantasy XIV: Shadowbringers","finalfantasyxivshadowbringers","1","['opencrict-2020']"
"61","Forza Horizon 3","forzahorizon3","1","['opencrict-2020']"
"61","Gone Home","gonehome","2","['popular-mechanics', 'slant-magazine']"
"61"," Castlevania","castlevania","1","['time-magazine']"
"60","Gran Turismo","granturismo","1","['metacrict-2020']"
"60"," Pong","pong","1","['time-magazine']"
"59"," ESPN NFL 2K5","espnnfl2k5","1","['time-magazine']"
"58","Monster Hunter: World","monsterhunterworld","2","['ign-2019', 'opencrict-2020']"
"58","Metal Gear Solid 2: Sons of Liberty","metalgearsolid2sonsofliberty","1","['metacrict-2020']"
"58","Crusader Kings III","crusaderkingsiii","1","['opencrict-2020']"
"57","Resident Evil","residentevil","1","['ign-2019']"
"57","Grand Theft Auto Double Pack","grandtheftautodoublepack","1","['metacrict-2020']"
"57","Mortal Kombat 11 Ultimate","mortalkombat11ultimate","1","['opencrict-2020']"
"57"," Call of Duty 2","callofduty2","1","['time-magazine']"
"56","Mega Man 3","megaman3","2","['ign-2019', 'slant-magazine']"
"56","Ori and the Will of the Wisps","oriandthewillofthewisps","1","['opencrict-2020']"
"56"," Super Smash Bros.","supersmashbros","1","['time-magazine']"
"55","Hollow Knight","hollowknight","1","['opencrict-2020']"
"54","Counter-Strike 1.6","counterstrike16","1","['ign-2019']"
"54","Mario Kart 8 DLC Pack 2","mariokart8dlcpack2","1","['opencrict-2020']"
"54","The Sims 3","thesims3","1","['popular-mechanics']"
"54","Animal Crossing","animalcrossing","1","['slant-magazine']"
"53","LittleBigPlanet","littlebigplanet","1","['metacrict-2020']"
"53","Rayman Legends","raymanlegends","1","['opencrict-2020']"
"53","Tecmo Super Bowl","tecmosuperbowl","1","['popular-mechanics']"
"53","Killer7","killer7","1","['slant-magazine']"
"53"," Guitar Hero","guitarhero","1","['time-magazine']"
"52","The Legend of Zelda Collector's Edition","thelegendofzeldacollectorsedition","1","['metacrict-2020']"
"52","DUSK","dusk","1","['opencrict-2020']"
"51","Deus Ex","deusex","1","['ign-2019']"
"51","Sekiro: Shadows Die Twice","sekiroshadowsdietwice","1","['opencrict-2020']"
"50","Animal Crossing: New Horizons","animalcrossingnewhorizons","1","['opencrict-2020']"
"50","Mortal Kombat II","mortalkombatii","1","['popular-mechanics']"
"50","Jet Set Radio","jetsetradio","1","['slant-magazine']"
"50"," King's Quest III: To Heir Is Human","kingsquestiiitoheirishuman","1","['time-magazine']"
"49","Monster Hunter World: Iceborne","monsterhunterworldiceborne","1","['opencrict-2020']"
"49","Super Mario RPG: Legend of the Seven Stars","supermariorpglegendofthesevenstars","1","['slant-magazine']"
"48","Ori and the Blind Forest","oriandtheblindforest","1","['opencrict-2020']"
"48","NBA Jam","nbajam","1","['popular-mechanics']"
"47","The Witness","thewitness","1","['ign-2019']"
"47","The Legend of Zelda: Majora's Mask","thelegendofzeldamajorasmask","1","['metacrict-2020']"
"46","Tony Hawk's Pro Skater 1 + 2","tonyhawksproskater12","1","['opencrict-2020']"
"46","Super Mario RPG","supermariorpg","1","['popular-mechanics']"
"46","Bayonetta","bayonetta","1","['slant-magazine']"
"45","Dark Souls III","darksoulsiii","1","['opencrict-2020']"
"44","Madden NFL 2003","maddennfl2003","1","['metacrict-2020']"
"44","BioShock Infinite","bioshockinfinite","2","['metacrict-2020', 'metacrict-2020']"
"44","Tetris Effect","tetriseffect","1","['opencrict-2020']"
"44","Legend of Zelda: Breath of the Wild","legendofzeldabreathofthewild","1","['popular-mechanics']"
"43","Mass Effect","masseffect","1","['ign-2019']"
"43","Devil May Cry 5: Special Edition","devilmaycry5specialedition","1","['opencrict-2020']"
"42","Mark of the Ninja: Remastered","markoftheninjaremastered","1","['opencrict-2020']"
"42","Secret of Mana","secretofmana","1","['popular-mechanics']"
"41","Dreams","dreams","1","['opencrict-2020']"
"41","Tomb Raider","tombraider","1","['popular-mechanics']"
"41","Beyond Good & Evil","beyondgoodevil","1","['slant-magazine']"
"40","Super Mario World 2: Yoshi's Island","supermarioworld2yoshisisland","1","['ign-2019']"
"40","Batman: Arkham Asylum","batmanarkhamasylum","1","['slant-magazine']"
"39","Splinter Cell: Chaos Theory","splintercellchaostheory","1","['ign-2019']"
"39","Paradigm","paradigm","1","['opencrict-2020']"
"39","WarioWare, Inc.: Mega Microgames!","wariowareincmegamicrogames","1","['slant-magazine']"
"37","Rock Band","rockband","1","['ign-2019']"
"37","The Legend of Zelda: Majora's Mask 3D","thelegendofzeldamajorasmask3d","1","['opencrict-2020']"
"36","Super TIME Force Ultra","supertimeforceultra","1","['opencrict-2020']"
"36","Donkey Kong Country","donkeykongcountry","1","['popular-mechanics']"
"35","World of Goo","worldofgoo","1","['metacrict-2020']"
"35","Euro Truck Simulator 2 - Road to the Black Sea","eurotrucksimulator2roadtotheblacksea","1","['opencrict-2020']"
"35","Teenage Mutant Ninja Turtles: Turtles in Time","teenagemutantninjaturtlesturtlesintime","1","['popular-mechanics']"
"35","Super Mario World: Yoshiï¿½s Island","supermarioworldyoshiï½sisland","1","['slant-magazine']"
"34","Pillars of Eternity","pillarsofeternity","1","['opencrict-2020']"
"33","Dishonored","dishonored","2","['ign-2019', 'slant-magazine']"
"33","Star Wars Jedi Knight II: Jedi Outcast","starwarsjediknightiijedioutcast","1","['ign-2019']"
"33","Halo 3","halo3","2","['metacrict-2020', 'slant-magazine']"
"33","Diablo III: Ultimate Evil Edition","diabloiiiultimateeviledition","1","['opencrict-2020']"
"33","Mega Man 2","megaman2","2","['popular-mechanics', 'slant-magazine']"
"33","Shin Megami Tensei: Persona 4","shinmegamitenseipersona4","1","['popular-mechanics']"
"33","Street Fighter II Turbo: Hyper Fighting","streetfighteriiturbohyperfighting","1","['slant-magazine']"
"32","Final Fantasy IX","finalfantasyix","1","['metacrict-2020']"
"32","Titanfall 2","titanfall2","1","['slant-magazine']"
"31","Call of Duty: Modern Warfare 2","callofdutymodernwarfare2","1","['metacrict-2020']"
"31","DOOM Eternal","doometernal","1","['opencrict-2020']"
"31","Katamari Damacy","katamaridamacy","1","['slant-magazine']"
"30","Battlefield 1942","battlefield1942","1","['ign-2019']"
"30","Slay The Spire","slaythespire","1","['opencrict-2020']"
"30","Gauntlet","gauntlet","1","['popular-mechanics']"
"29","Suikoden II","suikodenii","1","['ign-2019']"
"29","Tony Hawk's Pro Skater 4","tonyhawksproskater4","1","['metacrict-2020']"
"29","Sid Meier's Civilization VI","sidmeierscivilizationvi","1","['opencrict-2020']"
"28","X-COM: UFO Defense","xcomufodefense","1","['ign-2019']"
"28","Devil May Cry","devilmaycry","1","['metacrict-2020']"
"28","Astro Bot Rescue Mission","astrobotrescuemission","1","['opencrict-2020']"
"28","Banjo-Kazooie","banjokazooie","1","['slant-magazine']"
"27","Xenoblade Chronicles Definitive Edition","xenobladechroniclesdefinitiveedition","1","['opencrict-2020']"
"27","Pitfall!","pitfall","1","['popular-mechanics']"
"26","Madden NFL 2002","maddennfl2002","1","['metacrict-2020']"
"26","Kentucky Route Zero: Act IV","kentuckyroutezeroactiv","1","['opencrict-2020']"
"26","NHL '94","nhl94","1","['popular-mechanics']"
"25","Hyper Light Drifter – Special Edition","hyperlightdrifterspecialedition","1","['opencrict-2020']"
"25","Oregon Trail","oregontrail","1","['popular-mechanics']"
"25","The Binding of Isaac","thebindingofisaac","1","['slant-magazine']"
"24","Fable 2","fable2","1","['ign-2019']"
"24","Asgard's Wrath","asgardswrath","1","['opencrict-2020']"
"24","Three Fourths Home","threefourthshome","1","['slant-magazine']"
"23","The Legend of Zelda: Ocarina of Time 3D","thelegendofzeldaocarinaoftime3d","1","['metacrict-2020']"
"23","The Elder Scrolls IV: Oblivion","theelderscrollsivoblivion","2","['metacrict-2020', 'metacrict-2020']"
"23","The Witcher 3: Wild Hunt - Hearts of Stone","thewitcher3wildhuntheartsofstone","1","['opencrict-2020']"
"22","Chrono Cross","chronocross","1","['metacrict-2020']"
"22","Lone Echo","loneecho","1","['opencrict-2020']"
"22","Spy Hunter","spyhunter","1","['popular-mechanics']"
"22","SimCity","simcity","1","['slant-magazine']"
"21","Tales from the Borderlands: Episode Five - The Vault of the Traveler","talesfromtheborderlandsepisodefivethevaultofthetraveler","1","['opencrict-2020']"
"21","Kingdom Hearts","kingdomhearts","1","['popular-mechanics']"
"21","Ninja Gaiden","ninjagaiden","1","['slant-magazine']"
"20","System Shock 2","systemshock2","1","['ign-2019']"
"20","Shovel Knight: Treasure Trove","shovelknighttreasuretrove","1","['opencrict-2020']"
"20","Double Dragon","doubledragon","1","['popular-mechanics']"
"20","Viewtiful Joe","viewtifuljoe","1","['slant-magazine']"
"19","Resident Evil 2 (Remake)","residentevil2remake","1","['ign-2019']"
"19","Bayonetta 1+2 - Switch Collection","bayonetta12switchcollection","1","['opencrict-2020']"
"19","Streets of Rage 2","streetsofrage2","1","['slant-magazine']"
"18","Pistol Whip","pistolwhip","1","['opencrict-2020']"
"18","Mike Tyson's Punch Out","miketysonspunchout","1","['popular-mechanics']"
"18","Hotline Miami","hotlinemiami","1","['slant-magazine']"
"17","Madden NFL 2004","maddennfl2004","1","['metacrict-2020']"
"17","Dead Cells","deadcells","1","['opencrict-2020']"
"17","Phantasy Star IV: The End of the Millennium","phantasystarivtheendofthemillennium","1","['slant-magazine']"
"16","Contra","contra","1","['ign-2019']"
"16","Gears of War","gearsofwar","1","['metacrict-2020']"
"16","Rez Infinite","rezinfinite","1","['opencrict-2020']"
"16","Prince of Persia: Sands of Time","princeofpersiasandsoftime","1","['popular-mechanics']"
"15","Guacamelee! Super Turbo Championship Edition","guacameleesuperturbochampionshipedition","1","['opencrict-2020']"
"15","Paper Mario: The Thousand-Year Door","papermariothethousandyeardoor","1","['slant-magazine']"
"14","Sid Meier's Civilization II","sidmeierscivilizationii","1","['metacrict-2020']"
"14","The Legend of Zelda: A Link Between Worlds","thelegendofzeldaalinkbetweenworlds","1","['opencrict-2020']"
"14","Cuphead","cuphead","1","['popular-mechanics']"
"14","Elite Beat Agents","elitebeatagents","1","['slant-magazine']"
"13","Thief II: The Metal Age","thiefiithemetalage","1","['ign-2019']"
"13","Horizon Zero Dawn","horizonzerodawn","1","['opencrict-2020']"
"13","Twisted Metal","twistedmetal","1","['popular-mechanics']"
"13","Missile Command","missilecommand","1","['slant-magazine']"
"12","Sonic Mania Plus","sonicmaniaplus","1","['opencrict-2020']"
"12","Dead Space","deadspace","1","['popular-mechanics']"
"11","Rez Infinite (VR)","rezinfinitevr","1","['opencrict-2020']"
"11","Star Fox 64","starfox64","2","['popular-mechanics', 'slant-magazine']"
"11","Timesplitters 2","timesplitters2","1","['popular-mechanics']"
"10","League of Legends","leagueoflegends","1","['ign-2019']"
"10","What Remains of Edith Finch","whatremainsofedithfinch","1","['opencrict-2020']"
"10","Soulcalibur 2","soulcalibur2","1","['popular-mechanics']"
"10","Superhot","superhot","1","['slant-magazine']"
"9","Ninja Gaiden Black","ninjagaidenblack","1","['metacrict-2020']"
"9","Tales from the Borderlands - Season One","talesfromtheborderlandsseasonone","1","['opencrict-2020']"
"9","Xenoblade Chronicles","xenobladechronicles","1","['slant-magazine']"
"8","Burnout 3: Takedown","burnout3takedown","2","['ign-2019', 'metacrict-2020']"
"8","Shovel Knight","shovelknight","1","['opencrict-2020']"
"8","Dungeon Master","dungeonmaster","1","['popular-mechanics']"
"8","Ikaruga","ikaruga","1","['slant-magazine']"
"7","Street Fighter IV","streetfighteriv","1","['metacrict-2020']"
"7","Devil May Cry 5","devilmaycry5","1","['opencrict-2020']"
"7","Cart Life","cartlife","1","['slant-magazine']"
"6","Monkey Island 2: LeChuck's Revenge","monkeyisland2lechucksrevenge","1","['ign-2019']"
"6","Super Mario Advance 4: Super Mario Bros. 3","supermarioadvance4supermariobros3","1","['metacrict-2020']"
"6","Fire Emblem: Three Houses","fireemblemthreehouses","1","['opencrict-2020']"
"6","Hellblade: Senuaï¿½s Sacrifice","hellbladesenuaï½ssacrifice","1","['slant-magazine']"
"5","Assassin's Creed IV: Black Flag","assassinscreedivblackflag","1","['ign-2019']"
"5","Jet Grind Radio","jetgrindradio","1","['metacrict-2020']"
"5","Legends of Runeterra","legendsofruneterra","1","['opencrict-2020']"
"4","The Binding of Isaac: Rebirth","thebindingofisaacrebirth","1","['opencrict-2020']"
"4","Day of the Tentacle","dayofthetentacle","1","['popular-mechanics']"
"4","Conkerï¿½s Bad Fur Day","conkerï½sbadfurday","1","['slant-magazine']"
"3","Forza Motorsport 6","forzamotorsport6","1","['opencrict-2020']"
"3","Hitman 2","hitman2","1","['slant-magazine']"
"2","Tom Clancy's Splinter Cell Chaos Theory","tomclancyssplintercellchaostheory","1","['metacrict-2020']"
"2","Stephen's Sausage Roll","stephenssausageroll","1","['opencrict-2020']"
"2","Fire Emblem: Awakening","fireemblemawakening","1","['popular-mechanics']"
"2","Spec Ops: The Line","specopstheline","1","['slant-magazine']"
"1","Borderlands 2","borderlands2","1","['ign-2019']"
"1","Gotta Protectors","gottaprotectors","1","['opencrict-2020']"
"1","Shenmue II","shenmueii","1","['popular-mechanics']"
"1","The Talos Principle","thetalosprinciple","1","['slant-magazine']"
"0","Pokémon Go","pokémongo","1","['ign-2019']"
"0","Diablo","diablo","1","['metacrict-2020']"
"0","Mission: It's Complicated","missionitscomplicated","1","['opencrict-2020']"
"0","Ico","ico","1","['slant-magazine']"
